source,target,value
"104","104","1"
"2735","104","1"
"5166","104","1"
"2991","93","1"
"5037","93","1"
"40","83","1"
"83","74","1"
"83","33","1"
"40","33","1"
"5407","90","1"
"5840","41","1"
"8169","81","1"
"5133","81","1"
"4328","81","1"
"5037","81","1"
"74","78","1"
"5037","50","1"
"5864","75","1"
"5440","34","1"
"74","34","1"
"74","44","1"
"8169","67","1"
"34","67","1"
"6489","67","1"
"1292","67","1"
"5037","67","1"
"5864","67","1"
"6381","67","1"
"1681","80","1"
"40","57","1"
"454","112","1"
"667","122","1"
"4244","122","1"
"740","122","1"
"487","122","1"
"122","122","1"
"495","122","1"
"2522","122","1"
"51","123","1"
"9959","123","1"
"9964","221","1"
"4898","125","1"
"2012","125","1"
"373","126","1"
"2083","126","1"
"67","118","1"
"1073","118","1"
"443","130","1"
"362","132","1"
"1664","132","1"
"357","132","1"
"42","115","1"
"1221","174","1"
"2371","176","1"
"4336","176","1"
"326","182","1"
"800","196","1"
"2579","199","1"
"800","199","1"
"1958","200","1"
"512","138","1"
"535","140","1"
"2021","143","1"
"4254","143","1"
"527","155","1"
"660","281","1"
"1176","281","1"
"4726","281","1"
"8118","284","1"
"8118","284","1"
"324","284","1"
"1062","302","1"
"9979","241","1"
"9964","262","1"
"4597","299","1"
"122","242","1"
"2733","242","1"
"3215","285","1"
"1155","285","1"
"9964","264","1"
"940","307","1"
"2637","267","1"
"1607","345","1"
"4174","345","1"
"4274","396","1"
"1082","396","1"
"2637","396","1"
"357","357","1"
"1649","360","1"
"357","364","1"
"5037","385","1"
"2937","367","1"
"331","369","1"
"9984","371","1"
"688","372","1"
"2053","377","1"
"4946","386","1"
"146","387","1"
"2175","387","1"
"196","387","1"
"2271","387","1"
"2213","387","1"
"2154","387","1"
"2176","387","1"
"4366","388","1"
"4334","388","1"
"372","388","1"
"1694","388","1"
"4914","389","1"
"554","389","1"
"4799","392","1"
"1702","392","1"
"2093","392","1"
"1681","392","1"
"8144","393","1"
"2292","397","1"
"2292","397","1"
"2302","397","1"
"2133","398","1"
"2292","405","1"
"2292","405","1"
"659","405","1"
"2115","408","1"
"8745","408","1"
"2417","409","1"
"1843","409","1"
"2371","409","1"
"2230","409","1"
"4333","409","1"
"678","409","1"
"593","413","1"
"1698","413","1"
"789","418","1"
"2241","418","1"
"6676","419","1"
"2280","419","1"
"4321","420","1"
"6179","421","1"
"736","424","1"
"2079","425","1"
"1585","425","1"
"2739","431","1"
"443","431","1"
"761","433","1"
"2292","433","1"
"676","438","1"
"646","441","1"
"646","441","1"
"2739","443","1"
"629","443","1"
"5720","447","1"
"2341","447","1"
"196","448","1"
"1578","544","1"
"9978","545","1"
"9983","545","1"
"63","547","1"
"672","548","1"
"4328","548","1"
"550","550","1"
"1556","550","1"
"672","551","1"
"337","557","1"
"9959","557","1"
"4328","562","1"
"1814","451","1"
"4254","474","1"
"9984","490","1"
"2019","503","1"
"108","507","1"
"8065","518","1"
"2027","531","1"
"1599","566","1"
"126","566","1"
"4799","567","1"
"2393","571","1"
"2470","571","1"
"6682","571","1"
"4286","572","1"
"2179","572","1"
"5013","573","1"
"2295","577","1"
"593","582","1"
"2196","589","1"
"1395","596","1"
"596","596","1"
"4899","600","1"
"682","600","1"
"4899","601","1"
"4814","606","1"
"729","606","1"
"682","608","1"
"4334","611","1"
"2345","611","1"
"2393","612","1"
"2336","612","1"
"4825","613","1"
"2807","614","1"
"2295","615","1"
"2437","617","1"
"3728","617","1"
"2295","619","1"
"2043","619","1"
"4345","619","1"
"5009","619","1"
"638","621","1"
"4327","621","1"
"633","622","1"
"757","623","1"
"327","623","1"
"6763","623","1"
"2739","625","1"
"646","625","1"
"688","627","1"
"2406","628","1"
"1959","632","1"
"8647","634","1"
"758","639","1"
"8087","639","1"
"729","639","1"
"2345","640","1"
"757","641","1"
"4338","641","1"
"765","641","1"
"146","642","1"
"196","642","1"
"800","642","1"
"785","643","1"
"688","648","1"
"730","648","1"
"6763","650","1"
"1958","652","1"
"2371","652","1"
"200","652","1"
"1585","652","1"
"2424","653","1"
"186","653","1"
"2381","653","1"
"2365","656","1"
"670","658","1"
"2459","667","1"
"191","668","1"
"4334","671","1"
"2576","671","1"
"184","675","1"
"2495","675","1"
"186","675","1"
"2374","675","1"
"2482","675","1"
"2524","676","1"
"1574","677","1"
"1929","677","1"
"196","678","1"
"2807","682","1"
"757","682","1"
"738","687","1"
"2502","688","1"
"1554","692","1"
"2503","693","1"
"2546","693","1"
"765","693","1"
"1585","693","1"
"196","701","1"
"800","701","1"
"2813","703","1"
"2495","703","1"
"2579","703","1"
"753","703","1"
"730","707","1"
"1612","710","1"
"191","712","1"
"2499","717","1"
"811","718","1"
"1939","718","1"
"775","725","1"
"2555","725","1"
"776","725","1"
"715","727","1"
"2516","727","1"
"760","732","1"
"2503","732","1"
"2518","732","1"
"495","734","1"
"1959","737","1"
"1958","737","1"
"8065","741","1"
"1221","744","1"
"749","749","1"
"2813","753","1"
"1943","753","1"
"769","753","1"
"2532","753","1"
"772","753","1"
"461","753","1"
"495","754","1"
"760","756","1"
"1943","763","1"
"461","763","1"
"461","765","1"
"811","768","1"
"205","772","1"
"1980","785","1"
"462","789","1"
"1607","867","1"
"4174","867","1"
"870","870","1"
"3134","881","1"
"871","864","1"
"455","793","1"
"814","793","1"
"796","796","1"
"1959","809","1"
"2813","811","1"
"141","814","1"
"467","814","1"
"487","822","1"
"1578","937","1"
"4997","939","1"
"5407","1012","1"
"9908","949","1"
"5037","952","1"
"3584","909","1"
"1560","953","1"
"8547","968","1"
"1052","970","1"
"2637","955","1"
"416","915","1"
"1879","915","1"
"272","982","1"
"2436","1070","1"
"8129","1070","1"
"8178","1039","1"
"1578","1073","1"
"940","1073","1"
"4634","1023","1"
"4634","1024","1"
"4654","1025","1"
"396","1082","1"
"421","1082","1"
"2637","1082","1"
"5037","1082","1"
"1031","1026","1"
"263","1064","1"
"1031","1077","1"
"2887","1077","1"
"8184","1078","1"
"2327","1092","1"
"1578","1092","1"
"253","1093","1"
"2059","1095","1"
"172","1095","1"
"4995","1097","1"
"2502","1099","1"
"196","1101","1"
"2516","1103","1"
"2368","1105","1"
"1979","1087","1"
"146","1087","1"
"1254","1174","1"
"324","1152","1"
"671","1156","1"
"6571","1226","1"
"5307","1200","1"
"1265","1228","1"
"1578","1134","1"
"692","1141","1"
"2576","1142","1"
"4327","1142","1"
"1263","1262","1"
"1610","1267","1"
"8128","1274","1"
"1028","1275","1"
"122","1278","1"
"9984","1280","1"
"9964","1281","1"
"9315","1281","1"
"4928","1282","1"
"2368","1298","1"
"3170","1300","1"
"4799","1320","1"
"2062","1320","1"
"1578","1322","1"
"4946","1324","1"
"3267","1327","1"
"5295","1327","1"
"5138","1331","1"
"965","1342","1"
"357","1342","1"
"357","1342","1"
"358","1342","1"
"2268","1349","1"
"3288","1390","1"
"1663","1390","1"
"1653","1391","1"
"4946","1391","1"
"4288","1392","1"
"2215","1369","1"
"6152","1406","1"
"6113","1406","1"
"2879","1523","1"
"4634","1523","1"
"1024","1523","1"
"5266","1502","1"
"3232","1502","1"
"4635","1524","1"
"3400","1533","1"
"5725","1504","1"
"2942","1605","1"
"4174","1607","1"
"1254","1609","1"
"4900","1609","1"
"4933","1613","1"
"4950","1615","1"
"2980","1616","1"
"4997","1618","1"
"1683","1626","1"
"1626","1626","1"
"4997","1632","1"
"3134","1635","1"
"4468","1642","1"
"4825","1642","1"
"357","1647","1"
"1649","1653","1"
"3845","1659","1"
"3047","1659","1"
"8760","1659","1"
"1647","1660","1"
"2973","1663","1"
"358","1664","1"
"9984","1679","1"
"1680","1680","1"
"1678","1681","1"
"2504","1683","1"
"747","1683","1"
"769","1684","1"
"2495","1684","1"
"1959","1684","1"
"1985","1688","1"
"2937","1753","1"
"8195","1753","1"
"8104","1728","1"
"1728","1728","1"
"4814","1729","1"
"2093","1729","1"
"2059","1692","1"
"324","1693","1"
"4334","1694","1"
"648","1694","1"
"688","1694","1"
"4995","1694","1"
"2295","1694","1"
"615","1694","1"
"1252","1695","1"
"4267","1698","1"
"672","1698","1"
"593","1698","1"
"544","1699","1"
"2108","1701","1"
"2246","1701","1"
"2061","1703","1"
"4814","1706","1"
"2275","1706","1"
"324","1707","1"
"2997","1708","1"
"2997","1708","1"
"3012","1709","1"
"2643","1709","1"
"2099","1711","1"
"2099","1711","1"
"8085","1712","1"
"4334","1733","1"
"2311","1733","1"
"593","1733","1"
"1698","1733","1"
"359","1736","1"
"5462","1736","1"
"376","1737","1"
"344","1739","1"
"2071","1744","1"
"1593","1745","1"
"1594","1746","1"
"1866","1747","1"
"5014","1751","1"
"4825","1751","1"
"2303","1751","1"
"2807","1714","1"
"2071","1758","1"
"5131","1759","1"
"6419","1759","1"
"1760","1760","1"
"4995","1760","1"
"2241","1760","1"
"1578","1761","1"
"1858","1762","1"
"4825","1765","1"
"192","1769","1"
"4298","1770","1"
"593","1770","1"
"443","1774","1"
"6668","1781","1"
"2298","1781","1"
"8616","1781","1"
"3937","1782","1"
"6104","1782","1"
"582","1783","1"
"8274","1785","1"
"388","1789","1"
"443","1791","1"
"671","1793","1"
"4274","1793","1"
"6178","1796","1"
"2207","1796","1"
"2345","1796","1"
"6178","1797","1"
"4334","1800","1"
"2269","1800","1"
"2424","1801","1"
"4825","1801","1"
"2303","1801","1"
"642","1801","1"
"2079","1801","1"
"8844","1801","1"
"1717","1718","1"
"2278","1803","1"
"1804","1804","1"
"4804","1807","1"
"2368","1810","1"
"1574","1811","1"
"2459","1814","1"
"4825","1815","1"
"2268","1817","1"
"2237","1817","1"
"6682","1817","1"
"2151","1817","1"
"4225","1817","1"
"6597","1818","1"
"4825","1818","1"
"191","1819","1"
"672","1821","1"
"387","1823","1"
"1825","1825","1"
"2146","1829","1"
"4334","1832","1"
"2166","1832","1"
"2269","1832","1"
"2342","1833","1"
"1843","1835","1"
"2292","1835","1"
"2292","1835","1"
"2302","1835","1"
"2080","1836","1"
"6565","1838","1"
"1585","1841","1"
"2292","1843","1"
"2292","1843","1"
"659","1843","1"
"2241","1845","1"
"1686","1846","1"
"1846","1846","1"
"2071","1847","1"
"2453","1853","1"
"2807","1858","1"
"1858","1858","1"
"2213","1861","1"
"1585","1862","1"
"2302","1863","1"
"761","1863","1"
"2279","1863","1"
"2295","1866","1"
"4311","1868","1"
"745","1868","1"
"462","1868","1"
"692","1871","1"
"715","1872","1"
"2237","1875","1"
"6682","1875","1"
"63","1875","1"
"2478","1875","1"
"495","1875","1"
"8619","1879","1"
"620","1880","1"
"2407","1887","1"
"2154","1888","1"
"1800","1889","1"
"715","1891","1"
"6461","1892","1"
"629","1893","1"
"6178","1896","1"
"171","1896","1"
"2345","1896","1"
"4298","1898","1"
"2213","1900","1"
"373","1901","1"
"5768","1902","1"
"4366","1907","1"
"388","1907","1"
"6178","1909","1"
"4291","1911","1"
"497","1931","1"
"9984","1951","1"
"2014","1953","1"
"1955","1955","1"
"492","1955","1"
"505","1959","1"
"4254","1987","1"
"2020","1995","1"
"2011","2000","1"
"2022","2006","1"
"8065","2006","1"
"4255","2010","1"
"109","2010","1"
"960","2014","1"
"2085","2036","1"
"4276","2036","1"
"2040","2040","1"
"1221","2041","1"
"4156","2042","1"
"1566","2042","1"
"487","2045","1"
"495","2045","1"
"1678","2057","1"
"2062","2057","1"
"1681","2057","1"
"4267","2058","1"
"1680","2060","1"
"1678","2062","1"
"1593","2062","1"
"623","2064","1"
"6763","2064","1"
"429","2064","1"
"2292","2069","1"
"761","2069","1"
"2381","2069","1"
"2279","2069","1"
"1686","2072","1"
"6759","2073","1"
"2381","2079","1"
"1678","2082","1"
"4814","2084","1"
"2084","2084","1"
"1681","2085","1"
"2093","2085","1"
"2083","2085","1"
"1674","2087","1"
"1681","2087","1"
"4270","2093","1"
"2083","2093","1"
"2453","2094","1"
"4335","2094","1"
"4281","2094","1"
"977","2094","1"
"2414","2094","1"
"1686","2097","1"
"870","2105","1"
"2285","2106","1"
"2229","2106","1"
"8131","2114","1"
"8131","2114","1"
"4799","2120","1"
"359","2121","1"
"2335","2122","1"
"1694","2122","1"
"2154","2122","1"
"396","2123","1"
"495","2128","1"
"2292","2132","1"
"761","2132","1"
"2279","2132","1"
"6596","2135","1"
"191","2135","1"
"2335","2137","1"
"646","2139","1"
"646","2139","1"
"2295","2142","1"
"2579","2146","1"
"2295","2149","1"
"2237","2149","1"
"2237","2151","1"
"6682","2151","1"
"4274","2153","1"
"2268","2159","1"
"2178","2159","1"
"2246","2161","1"
"2292","2168","1"
"4274","2175","1"
"4321","2176","1"
"2213","2176","1"
"75","2187","1"
"2467","2192","1"
"2295","2194","1"
"721","2194","1"
"359","2195","1"
"2435","2198","1"
"2490","2201","1"
"2201","2201","1"
"167","2201","1"
"192","2202","1"
"2206","2206","1"
"745","2211","1"
"2271","2213","1"
"2226","2217","1"
"2295","2221","1"
"649","2226","1"
"167","2226","1"
"2342","2228","1"
"9959","2229","1"
"2576","2232","1"
"8647","2240","1"
"2335","2242","1"
"760","2243","1"
"2503","2243","1"
"1585","2243","1"
"711","2245","1"
"2321","2247","1"
"740","2247","1"
"745","2254","1"
"1943","2256","1"
"2365","2256","1"
"8087","2258","1"
"4328","2261","1"
"2813","2262","1"
"2393","2262","1"
"4334","2265","1"
"2533","2267","1"
"4334","2268","1"
"151","2268","1"
"789","2269","1"
"2345","2269","1"
"4334","2274","1"
"2295","2274","1"
"2276","2276","1"
"2400","2278","1"
"2278","2278","1"
"2354","2279","1"
"2345","2281","1"
"2741","2285","1"
"2453","2287","1"
"2424","2287","1"
"2499","2287","1"
"4330","2290","1"
"2499","2290","1"
"2437","2290","1"
"479","2290","1"
"728","2290","1"
"2430","2291","1"
"2292","2292","1"
"761","2292","1"
"1585","2292","1"
"2740","2295","1"
"753","2296","1"
"8647","2298","1"
"2435","2298","1"
"810","2299","1"
"977","2303","1"
"1923","2305","1"
"667","2305","1"
"2305","2305","1"
"1683","2305","1"
"2340","2307","1"
"2307","2307","1"
"748","2307","1"
"4334","2311","1"
"4334","2312","1"
"1103","2312","1"
"2424","2318","1"
"2321","2321","1"
"2497","2321","1"
"4334","2324","1"
"2400","2325","1"
"6795","2325","1"
"191","2331","1"
"8087","2333","1"
"4335","2334","1"
"811","2336","1"
"721","2338","1"
"146","2340","1"
"142","2340","1"
"2376","2340","1"
"800","2340","1"
"2341","2342","1"
"1959","2345","1"
"2503","2356","1"
"4338","2356","1"
"4338","2357","1"
"2376","2357","1"
"1938","2363","1"
"2364","2364","1"
"2520","2364","1"
"2424","2365","1"
"2393","2365","1"
"332","2365","1"
"1544","2370","1"
"1585","2374","1"
"2504","2375","1"
"1683","2375","1"
"2411","2377","1"
"2499","2378","1"
"2424","2381","1"
"2495","2381","1"
"2503","2382","1"
"822","2384","1"
"1554","2387","1"
"2387","2387","1"
"741","2391","1"
"2576","2393","1"
"2438","2395","1"
"6783","2400","1"
"2400","2400","1"
"760","2408","1"
"2518","2408","1"
"2453","2414","1"
"2807","2421","1"
"2558","2421","1"
"191","2428","1"
"4244","2430","1"
"2522","2436","1"
"742","2438","1"
"736","2456","1"
"980","2456","1"
"2498","2463","1"
"787","2463","1"
"489","2466","1"
"2546","2466","1"
"2576","2469","1"
"2508","2476","1"
"2558","2493","1"
"812","2493","1"
"8087","2493","1"
"495","2500","1"
"757","2503","1"
"505","2518","1"
"8087","2522","1"
"272","2526","1"
"810","2536","1"
"2531","2549","1"
"1955","2557","1"
"2586","2557","1"
"2022","2585","1"
"1221","2807","1"
"5095","2807","1"
"9984","2807","1"
"1176","2819","1"
"9267","2914","1"
"4634","2877","1"
"4634","2879","1"
"1031","2891","1"
"263","2883","1"
"1031","2888","1"
"2887","2888","1"
"4654","2831","1"
"1031","2889","1"
"4654","2889","1"
"263","2889","1"
"4643","2890","1"
"74","2832","1"
"8259","2832","1"
"4260","2867","1"
"4950","2868","1"
"4166","2868","1"
"1134","2900","1"
"2952","2952","1"
"4898","2958","1"
"1612","2958","1"
"1683","2958","1"
"1254","2960","1"
"4977","2962","1"
"1254","2964","1"
"4900","2966","1"
"2948","2966","1"
"2969","2970","1"
"1608","2976","1"
"4955","2977","1"
"3044","2979","1"
"2739","2979","1"
"327","2979","1"
"646","2979","1"
"8129","2997","1"
"4912","3017","1"
"4933","3025","1"
"729","3033","1"
"2733","851","1"
"216","3042","1"
"2739","3043","1"
"4950","3043","1"
"2948","3045","1"
"1556","3057","1"
"8129","3058","1"
"9978","3065","1"
"9073","3067","1"
"1287","3074","1"
"1599","3080","1"
"352","3083","1"
"554","3083","1"
"3019","3092","1"
"4814","3097","1"
"8144","3097","1"
"5106","3109","1"
"5106","3112","1"
"3117","3116","1"
"8587","3120","1"
"5137","3121","1"
"5138","3121","1"
"2942","3130","1"
"3052","3130","1"
"4171","3134","1"
"8144","3138","1"
"3134","3144","1"
"1635","3144","1"
"710","3146","1"
"4898","3146","1"
"6759","3170","1"
"3102","3154","1"
"1626","3154","1"
"5266","3155","1"
"977","3156","1"
"1578","3160","1"
"2741","3160","1"
"312","3172","1"
"356","3172","1"
"1280","3180","1"
"1554","3181","1"
"9953","3181","1"
"4434","3190","1"
"671","3193","1"
"2393","3204","1"
"2435","3204","1"
"1265","3213","1"
"4898","3218","1"
"487","3219","1"
"4456","3228","1"
"3230","3231","1"
"967","3239","1"
"338","3239","1"
"358","357","1"
"1578","3257","1"
"1092","3260","1"
"888","3260","1"
"5382","3263","1"
"5295","3267","1"
"5382","3269","1"
"2641","3270","1"
"8144","3270","1"
"5038","3273","1"
"1356","3276","1"
"8259","3287","1"
"4476","3287","1"
"8449","3298","1"
"3309","3309","1"
"2368","2737","1"
"8204","3328","1"
"8207","3328","1"
"1050","3337","1"
"2041","3338","1"
"1741","3358","1"
"1839","3362","1"
"593","3363","1"
"2493","3366","1"
"729","3366","1"
"4912","3460","1"
"4946","3406","1"
"8144","3421","1"
"2105","3441","1"
"2325","3481","1"
"5761","3378","1"
"5772","3378","1"
"1800","3378","1"
"2105","3382","1"
"5907","3383","1"
"2739","3570","1"
"4174","3570","1"
"6368","3590","1"
"8144","3596","1"
"5563","3491","1"
"4274","3494","1"
"8537","3504","1"
"5968","3504","1"
"2292","3509","1"
"2227","3509","1"
"2159","3509","1"
"1686","3512","1"
"6116","3518","1"
"5772","853","1"
"1800","853","1"
"1792","853","1"
"2303","3543","1"
"8412","3544","1"
"6785","3552","1"
"3239","3604","1"
"1647","3605","1"
"1747","3605","1"
"8537","3605","1"
"6408","3605","1"
"3570","3609","1"
"4174","3609","1"
"344","3620","1"
"1095","3625","1"
"2059","3625","1"
"172","3625","1"
"6352","3641","1"
"8139","3642","1"
"5013","3642","1"
"5709","3642","1"
"5497","3642","1"
"8274","3642","1"
"7116","3642","1"
"5720","3654","1"
"6709","3671","1"
"3728","3671","1"
"7132","3689","1"
"2237","3694","1"
"6152","3695","1"
"2241","3695","1"
"4235","3695","1"
"6152","3701","1"
"2393","3707","1"
"4330","3709","1"
"2306","3709","1"
"736","3722","1"
"805","3726","1"
"2437","3728","1"
"692","3728","1"
"4914","3737","1"
"6692","3740","1"
"1602","4171","1"
"4920","4185","1"
"4185","4185","1"
"4814","4173","1"
"1687","4173","1"
"9984","4175","1"
"1578","4178","1"
"5037","4178","1"
"940","4178","1"
"4468","4187","1"
"4825","4187","1"
"4190","4190","1"
"1737","4258","1"
"2226","4259","1"
"2561","4259","1"
"2215","4259","1"
"2348","4259","1"
"810","4202","1"
"742","4202","1"
"2335","4274","1"
"9959","4274","1"
"4271","4275","1"
"416","4203","1"
"2185","4204","1"
"672","4204","1"
"2579","4204","1"
"373","4207","1"
"2198","4207","1"
"126","4207","1"
"2149","4208","1"
"2453","4215","1"
"2424","4215","1"
"8131","4215","1"
"185","4215","1"
"2253","4215","1"
"122","4215","1"
"2230","4215","1"
"1933","4215","1"
"8087","4215","1"
"359","4215","1"
"2522","4215","1"
"729","4215","1"
"586","4218","1"
"1831","4220","1"
"2406","4225","1"
"2268","4225","1"
"2151","4225","1"
"2237","4225","1"
"2241","4226","1"
"4228","4228","1"
"2212","4229","1"
"2335","4232","1"
"191","4233","1"
"2138","4235","1"
"6614","4235","1"
"2504","4238","1"
"2376","4239","1"
"2995","4278","1"
"8160","4282","1"
"2264","4284","1"
"5015","4285","1"
"2292","4286","1"
"1578","4287","1"
"1578","4290","1"
"4334","4292","1"
"672","4292","1"
"2342","4292","1"
"1844","4298","1"
"2285","4299","1"
"2229","4299","1"
"4291","4300","1"
"324","4301","1"
"4312","4307","1"
"789","4311","1"
"4814","4318","1"
"1599","4318","1"
"1599","4321","1"
"2271","4321","1"
"1959","4326","1"
"1684","4326","1"
"2345","4326","1"
"2576","4327","1"
"2331","4327","1"
"2342","4329","1"
"2469","4330","1"
"672","4332","1"
"180","4334","1"
"2524","4334","1"
"2532","4335","1"
"2440","4336","1"
"4977","4452","1"
"2959","4452","1"
"4919","4452","1"
"1176","4455","1"
"1246","4466","1"
"1578","4490","1"
"9273","4493","1"
"4597","4596","1"
"4667","4603","1"
"1064","4603","1"
"9076","4600","1"
"7132","4600","1"
"5740","4601","1"
"8547","4526","1"
"4912","4540","1"
"5266","4630","1"
"8647","4634","1"
"2879","4635","1"
"5037","4660","1"
"940","4660","1"
"263","4654","1"
"5840","4655","1"
"1031","4667","1"
"4654","4667","1"
"4635","4646","1"
"3278","4657","1"
"5906","4657","1"
"1753","4672","1"
"4185","4713","1"
"5740","4664","1"
"1060","4721","1"
"4881","4721","1"
"2927","4721","1"
"4946","4791","1"
"4597","4730","1"
"5037","4733","1"
"940","4733","1"
"1578","4735","1"
"2499","4812","1"
"4720","4812","1"
"1593","4813","1"
"1544","4813","1"
"1686","4818","1"
"1678","4819","1"
"1681","4819","1"
"2732","4796","1"
"1678","4798","1"
"1593","4798","1"
"1702","4798","1"
"4281","4799","1"
"4281","4799","1"
"1702","4799","1"
"1593","4801","1"
"4799","4801","1"
"1702","4801","1"
"4270","4801","1"
"2093","4801","1"
"4820","4820","1"
"2495","4820","1"
"6617","4820","1"
"8150","4803","1"
"6682","4804","1"
"8288","4805","1"
"819","4822","1"
"2031","4824","1"
"6766","4826","1"
"9949","4921","1"
"9950","4921","1"
"9951","4921","1"
"9952","4921","1"
"9953","4921","1"
"9954","4921","1"
"9955","4921","1"
"9956","4921","1"
"9957","4921","1"
"9958","4921","1"
"9959","4921","1"
"9960","4921","1"
"9961","4921","1"
"9962","4921","1"
"9971","4922","1"
"9972","4922","1"
"9973","4922","1"
"9974","4922","1"
"9975","4922","1"
"9976","4922","1"
"9977","4922","1"
"9978","4922","1"
"9979","4922","1"
"9980","4922","1"
"9981","4922","1"
"9982","4922","1"
"9983","4922","1"
"9984","4922","1"
"8129","4930","1"
"1612","4930","1"
"4900","4932","1"
"4941","4937","1"
"4927","4940","1"
"2969","4945","1"
"9984","4946","1"
"1547","4947","1"
"682","2739","1"
"757","2739","1"
"327","2739","1"
"1578","4848","1"
"9959","4879","1"
"4955","4955","1"
"4893","4955","1"
"2973","4958","1"
"344","4958","1"
"4792","4968","1"
"1578","2741","1"
"2342","2741","1"
"1252","4978","1"
"2970","4982","1"
"4251","4991","1"
"2424","4995","1"
"688","4995","1"
"4345","4995","1"
"2741","5008","1"
"4161","5010","1"
"334","5011","1"
"4161","5011","1"
"5944","5014","1"
"8139","5015","1"
"4825","5015","1"
"8136","5017","1"
"3005","5029","1"
"710","5034","1"
"2504","5034","1"
"1612","5034","1"
"1683","5034","1"
"627","5034","1"
"803","5034","1"
"1578","5037","1"
"9978","5041","1"
"1176","5060","1"
"8154","5060","1"
"4726","5060","1"
"5038","5087","1"
"3044","5091","1"
"851","5092","1"
"2733","5092","1"
"5095","5095","1"
"2435","5100","1"
"4631","5104","1"
"5132","5106","1"
"1254","5110","1"
"1602","5110","1"
"5113","5115","1"
"5132","5142","1"
"5106","5142","1"
"1254","5155","1"
"9984","5155","1"
"5100","5161","1"
"2435","5163","1"
"104","5166","1"
"4951","5168","1"
"1128","5176","1"
"1128","5178","1"
"1620","5188","1"
"8169","5193","1"
"5166","2735","1"
"1615","5210","1"
"8144","5216","1"
"1252","5219","1"
"1654","5219","1"
"1292","5225","1"
"1686","5231","1"
"5236","5241","1"
"5266","5247","1"
"5138","5247","1"
"5266","5248","1"
"4174","5252","1"
"3134","5259","1"
"1635","5259","1"
"8173","5266","1"
"2967","5270","1"
"897","5273","1"
"5193","5281","1"
"8169","5281","1"
"9959","5282","1"
"8136","5307","1"
"4796","5292","1"
"5298","5300","1"
"9127","5300","1"
"8220","5286","1"
"5276","5286","1"
"312","5315","1"
"3170","5343","1"
"8216","5352","1"
"4274","5358","1"
"4328","5358","1"
"2154","5358","1"
"2393","5359","1"
"2435","5359","1"
"2075","5359","1"
"851","5364","1"
"2733","5364","1"
"4945","5364","1"
"5471","5368","1"
"1724","5368","1"
"1195","5398","1"
"5394","5400","1"
"1724","5411","1"
"5418","5420","1"
"5421","5421","1"
"8169","5427","1"
"2226","5428","1"
"1870","5428","1"
"1578","5435","1"
"4265","5438","1"
"3115","5453","1"
"2114","5459","1"
"5467","5466","1"
"5179","5466","1"
"1578","5467","1"
"6572","5467","1"
"3262","5473","1"
"3336","5473","1"
"5473","5473","1"
"5014","5475","1"
"4274","5485","1"
"9163","5486","1"
"2741","5486","1"
"5379","5494","1"
"3012","5505","1"
"9984","5505","1"
"1050","5506","1"
"4922","5511","1"
"9983","5511","1"
"1923","5512","1"
"4244","5512","1"
"1695","5518","1"
"5267","5518","1"
"2985","5534","1"
"1688","5534","1"
"334","5535","1"
"6361","5544","1"
"5467","5561","1"
"2937","5563","1"
"8195","5563","1"
"1753","5563","1"
"2059","5566","1"
"2116","5570","1"
"4639","5583","1"
"8104","5593","1"
"4288","5595","1"
"8514","5611","1"
"7896","5614","1"
"5620","5620","1"
"1560","5625","1"
"8144","5626","1"
"4900","5626","1"
"5267","5640","1"
"6180","5644","1"
"9971","5646","1"
"9974","5646","1"
"9979","5646","1"
"9983","5646","1"
"9984","5646","1"
"601","5654","1"
"1578","5654","1"
"4377","5672","1"
"8144","5672","1"
"6361","5674","1"
"5234","5692","1"
"8207","5692","1"
"4328","5693","1"
"5358","5693","1"
"5707","5707","1"
"6388","5709","1"
"4377","5713","1"
"146","5720","1"
"8525","5720","1"
"4286","5720","1"
"800","5720","1"
"4271","5723","1"
"325","5724","1"
"4955","5726","1"
"5014","5727","1"
"4825","5727","1"
"1686","5842","1"
"5038","5844","1"
"5844","5844","1"
"8449","5733","1"
"4377","5734","1"
"3278","5735","1"
"5906","5735","1"
"2053","5740","1"
"5745","5745","1"
"8430","5746","1"
"2655","5748","1"
"1578","5753","1"
"6110","5763","1"
"8159","5763","1"
"1790","5763","1"
"2237","5765","1"
"2285","5766","1"
"758","5769","1"
"8087","5769","1"
"729","5769","1"
"2079","5771","1"
"1825","5773","1"
"2171","5773","1"
"2365","5774","1"
"5557","5781","1"
"2267","5781","1"
"2417","5784","1"
"424","5786","1"
"8370","5788","1"
"4281","5806","1"
"6408","5806","1"
"567","5806","1"
"6409","5806","1"
"5267","5808","1"
"8144","5845","1"
"3395","5853","1"
"5300","5856","1"
"4377","5860","1"
"1292","5864","1"
"5037","5864","1"
"358","1664","1"
"357","1664","1"
"196","5875","1"
"891","5880","1"
"2061","5892","1"
"5267","5892","1"
"6164","5896","1"
"1252","5897","1"
"1605","5897","1"
"8156","5899","1"
"2061","5909","1"
"1760","5921","1"
"8257","5921","1"
"601","5925","1"
"1713","5925","1"
"1578","5925","1"
"5664","5943","1"
"5692","5943","1"
"4260","5953","1"
"334","5953","1"
"5953","5953","1"
"1578","5956","1"
"871","5970","1"
"4900","5975","1"
"9076","5982","1"
"2053","5985","1"
"8647","5985","1"
"4373","6001","1"
"417","6002","1"
"495","6002","1"
"6164","6007","1"
"8139","5958","1"
"8160","5958","1"
"8144","5959","1"
"2105","5960","1"
"8206","5962","1"
"554","5962","1"
"3065","6012","1"
"4961","6012","1"
"8476","6034","1"
"6106","6039","1"
"8160","6050","1"
"4282","6050","1"
"3466","6050","1"
"5772","6065","1"
"688","6065","1"
"6067","6067","1"
"6516","6087","1"
"2268","6101","1"
"6149","6102","1"
"2237","6109","1"
"6682","6109","1"
"6111","6111","1"
"6729","6113","1"
"4433","6119","1"
"6997","6136","1"
"5436","6138","1"
"711","6154","1"
"2172","6154","1"
"2365","6157","1"
"6759","6164","1"
"6152","6166","1"
"6715","6178","1"
"8647","6183","1"
"6596","6187","1"
"191","6187","1"
"334","6188","1"
"2576","6189","1"
"4433","6196","1"
"6195","6196","1"
"4912","6197","1"
"838","6203","1"
"6116","6204","1"
"1578","6206","1"
"2424","6207","1"
"2576","6207","1"
"4997","6214","1"
"6164","6217","1"
"42","6223","1"
"3535","6223","1"
"4900","6229","1"
"5557","6233","1"
"8302","6235","1"
"6579","6240","1"
"2146","6249","1"
"6036","6250","1"
"413","6253","1"
"6178","6254","1"
"3365","6254","1"
"6715","6254","1"
"5455","6255","1"
"6340","6257","1"
"5709","6258","1"
"1663","6258","1"
"4377","6270","1"
"3399","6280","1"
"4265","6280","1"
"423","6280","1"
"6406","6280","1"
"5037","6284","1"
"6785","6287","1"
"4995","6326","1"
"9084","6329","1"
"3102","6337","1"
"1739","6339","1"
"5740","6352","1"
"6359","6367","1"
"6368","6369","1"
"1663","6378","1"
"5873","6378","1"
"1020","6380","1"
"5026","6383","1"
"8328","6387","1"
"2637","6297","1"
"2268","6411","1"
"6419","6419","1"
"2967","6422","1"
"2739","6425","1"
"6109","6427","1"
"6388","6438","1"
"5709","6438","1"
"6576","6448","1"
"5479","6448","1"
"5678","6458","1"
"5745","6458","1"
"6112","6459","1"
"6115","6459","1"
"6373","6459","1"
"1800","6461","1"
"1342","6465","1"
"1760","6468","1"
"4226","6468","1"
"1800","6468","1"
"4338","6468","1"
"1828","6468","1"
"2241","6468","1"
"682","6494","1"
"4377","6496","1"
"2435","6535","1"
"3185","6537","1"
"9959","6537","1"
"6537","6538","1"
"2073","6539","1"
"8647","6544","1"
"1252","6547","1"
"2146","6558","1"
"4900","8113","1"
"2942","8120","1"
"2949","8120","1"
"1605","8120","1"
"3005","8129","1"
"4977","8130","1"
"8131","8131","1"
"4933","8132","1"
"8170","8132","1"
"4936","8132","1"
"2959","8137","1"
"4933","8137","1"
"4933","8137","1"
"1679","8137","1"
"8128","8138","1"
"1578","8138","1"
"1176","8153","1"
"2742","8156","1"
"4244","8156","1"
"2732","8156","1"
"5066","8157","1"
"4631","8165","1"
"4951","8172","1"
"4997","8172","1"
"1632","8172","1"
"5106","8181","1"
"3045","8182","1"
"4814","8182","1"
"8130","8182","1"
"8136","8191","1"
"5017","8191","1"
"351","8192","1"
"3169","8228","1"
"5082","8202","1"
"8144","8205","1"
"1676","8206","1"
"8131","8216","1"
"8131","8216","1"
"1547","8218","1"
"2159","8222","1"
"977","8229","1"
"9080","8235","1"
"3117","8235","1"
"5106","8247","1"
"3109","8247","1"
"3019","8255","1"
"5106","8256","1"
"3109","8256","1"
"8247","8256","1"
"8104","8262","1"
"9983","8268","1"
"9984","8268","1"
"4338","8270","1"
"2241","8270","1"
"638","8277","1"
"600","8277","1"
"688","8277","1"
"4995","8277","1"
"4995","8277","1"
"5106","8280","1"
"3109","8280","1"
"8247","8280","1"
"8256","8280","1"
"5455","8290","1"
"1326","8290","1"
"3570","8301","1"
"9959","8307","1"
"4603","8311","1"
"2888","8311","1"
"5369","8319","1"
"2268","8319","1"
"2153","8401","1"
"8290","8401","1"
"191","8406","1"
"167","8406","1"
"1388","8336","1"
"2071","8338","1"
"5471","8345","1"
"1724","8345","1"
"8207","8347","1"
"5692","8347","1"
"2071","8410","1"
"4814","8410","1"
"1744","8410","1"
"2345","8351","1"
"4377","8356","1"
"2107","8415","1"
"2305","8419","1"
"9112","8364","1"
"5968","8364","1"
"649","8367","1"
"8435","8367","1"
"1794","8367","1"
"544","8372","1"
"6359","8512","1"
"6366","8513","1"
"3116","8517","1"
"5019","8518","1"
"357","8520","1"
"358","8520","1"
"4286","8525","1"
"1599","8525","1"
"187","8525","1"
"8144","8526","1"
"934","8537","1"
"5595","8537","1"
"6409","8537","1"
"8537","8537","1"
"4824","8537","1"
"9112","8537","1"
"9118","8537","1"
"4936","8537","1"
"6409","8537","1"
"2031","8537","1"
"3605","8537","1"
"5455","8432","1"
"6210","8437","1"
"6151","8440","1"
"6759","8440","1"
"2241","8440","1"
"6164","8440","1"
"2499","8448","1"
"1819","8448","1"
"3090","8450","1"
"5805","8456","1"
"3170","8456","1"
"4799","8459","1"
"4433","8462","1"
"5772","8472","1"
"2335","8472","1"
"4338","8472","1"
"1774","8495","1"
"2368","8548","1"
"1759","8552","1"
"4995","8552","1"
"6419","8552","1"
"4825","8555","1"
"4298","8555","1"
"1904","8555","1"
"1779","8555","1"
"3223","8568","1"
"4912","8569","1"
"3253","8596","1"
"4168","8612","1"
"8104","8614","1"
"1686","8616","1"
"2256","8619","1"
"2435","8619","1"
"4338","8619","1"
"6430","8621","1"
"3249","8626","1"
"4174","8632","1"
"2268","8637","1"
"6683","8638","1"
"2393","8647","1"
"2387","8647","1"
"1653","8652","1"
"2071","8652","1"
"2226","8658","1"
"191","8658","1"
"2215","8658","1"
"8169","8659","1"
"8169","9076","1"
"8169","9078","1"
"8068","9079","1"
"3090","9081","1"
"1593","9081","1"
"2973","9081","1"
"1702","9081","1"
"2062","9081","1"
"2108","9081","1"
"4270","9081","1"
"2093","9081","1"
"1796","9088","1"
"1831","9088","1"
"9964","9064","1"
"4313","9100","1"
"165","9100","1"
"9984","9113","1"
"4166","9102","1"
"2045","9112","1"
"6574","9137","1"
"4995","9138","1"
"1578","9139","1"
"5037","9139","1"
"6284","9139","1"
"1747","9118","1"
"5968","9118","1"
"9112","9118","1"
"1653","9119","1"
"2071","9119","1"
"8652","9119","1"
"2948","9280","1"
"9736","9316","1"
"9959","9226","1"
"9628","9323","1"
"6021","9271","1"
"9964","9438","1"
"4635","9415","1"
"9064","9384","1"
"9985","9454","1"
"74","9482","1"
"2894","9485","1"
"45","9549","1"
"9986","9608","1"
"9987","9608","1"
"9988","9608","1"
"9989","9608","1"
"9990","9608","1"
"9991","9608","1"
"9992","9608","1"
"9993","9608","1"
"9994","9608","1"
"9995","9608","1"
"9996","9608","1"
"9997","9608","1"
"9998","9608","1"
"9999","9578","1"
"9964","9602","1"
"9964","9598","1"
"9315","9598","1"
"9317","9628","1"
"9393","9660","1"
"9963","9732","1"
"9964","9732","1"
"9965","9732","1"
"9966","9732","1"
"9967","9732","1"
"9968","9732","1"
"9969","9732","1"
"9970","9732","1"
"9919","9835","1"
"2915","9882","1"
"5651","9882","1"
"9267","9898","1"
"9267","9926","1"
